{
  "chosen_k": 4,
  "pca_components": 8,
  "centroids_pca_space": [
    [
      -0.9494089074930624,
      -2.318449189008199,
      -1.1734355415466509,
      0.002547296066530952,
      -0.053686104288502144,
      0.11374019577113292,
      -0.15982897162507503,
      0.05175437458430251
    ],
    [
      9.918178537244335,
      -1.242360235303195,
      1.7145154484810405,
      1.559860974468806,
      -0.49833516582598647,
      -0.14523290515205378,
      0.5051144449999398,
      -0.1183529616051689
    ],
    [
      2.7636342378362504,
      2.682150154082717,
      -1.9952424642836846,
      -1.711054535214386,
      -0.0006080458045615401,
      0.28845028207619966,
      -0.13685661904162846,
      0.07832217818309058
    ],
    [
      -1.9742127664656257,
      0.9880379486207663,
      1.1712655121574678,
      0.2765087922043721,
      0.12603429416853384,
      -0.14798001089509039,
      0.06795974877823724,
      -0.04098621118841908
    ]
  ],
  "cluster_ids": [
    0,
    1,
    2,
    3
  ],
  "cluster_sample_count_train": {
    "0": 3097,
    "1": 444,
    "2": 1383,
    "3": 5601
  },
  "cluster_writer_count_train": {
    "0": 24,
    "1": 6,
    "2": 11,
    "3": 34
  }
}